{"Rooms":{"h":3.3191391941,"t":2.8668754894,"u":1.9674742781},"Price":{"h":1218290.8297466421,"t":939267.5348472984,"u":604859.1506803849},"Distance":{"h":12.0352335165,"t":10.0776820673,"u":7.5802522403},"Bathroom":{"h":1.6527777778,"t":1.8379013312,"u":1.1842017922},"Car":{"h":1.8382936508,"t":1.5818324197,"u":1.1317623631},"Landsize":{"h":651.7393162393,"t":286.1511354738,"u":477.7165615665},"Year":{"h":2016.8438644689,"t":2016.6805011746,"u":2016.4706272818},"Month":{"h":5.6796398046,"t":5.4698512138,"u":5.5861267839},"Crime":{"h":1081.1256868132,"t":974.2756460454,"u":1365.613674079}}